{"cameraMode":{"drawMode":0,"name":"Shaded","section":"Shading Mode"},"sceneLighting":true,"audioPlay":false,"sceneViewState":{"m_AlwaysRefresh":false,"showFog":true,"showSkybox":true,"showFlares":true,"showImageEffects":true,"showParticleSystems":true,"showVisualEffectGraphs":true,"m_FxEnabled":true},"in2DMode":false,"pivot":{"x":27.212148666381837,"y":7.018984317779541,"z":20.679655075073243},"rotation":{"x":0.13053694367408753,"y":0.36682021617889407,"z":-0.05206361413002014,"w":0.9196386933326721},"size":2.218433380126953,"orthographic":false}