{"cameraMode":{"drawMode":0,"name":"Shaded","section":"Shading Mode"},"sceneLighting":false,"audioPlay":false,"sceneViewState":{"m_AlwaysRefresh":false,"showFog":true,"showSkybox":false,"showFlares":true,"showImageEffects":true,"showParticleSystems":true,"showVisualEffectGraphs":true,"m_FxEnabled":true},"in2DMode":false,"pivot":{"x":-0.4438991844654083,"y":1.2953542470932007,"z":-98.05916595458985},"rotation":{"x":0.21282154321670533,"y":-0.018762189894914628,"z":0.004089772701263428,"w":0.9769156575202942},"size":1.962533712387085,"orthographic":false}